{
    "dataVersion": 1,
    "bodyType": 0,
    "skinColor": {
        "r": 0.8897058963775635,
        "g": 0.6055594682693481,
        "b": 0.4513949155807495,
        "a": 1.0
    },
    "tintColor": {
        "r": 1.0,
        "g": 1.0,
        "b": 1.0,
        "a": 1.0
    },
    "slotData": [
        {
            "category": 0,
            "partName": "Fantasy Set 03 Male",
            "partPackage": "Fantasy",
            "color1": {
                "r": 0.17301037907600404,
                "g": 0.19588567316532136,
                "b": 0.19607843458652497,
                "a": 1.0
            },
            "color2": {
                "r": 0.31141868233680727,
                "g": 0.3529411852359772,
                "b": 0.31165000796318056,
                "a": 1.0
            },
            "color3": {
                "r": 0.3297331631183624,
                "g": 0.262154757976532,
                "b": 0.23558731377124787,
                "a": 1.0
            }
        },
        {
            "category": 1,
            "partName": "Fantasy 04",
            "partPackage": "Fantasy",
            "color1": {
                "r": 0.17301037907600404,
                "g": 0.19588567316532136,
                "b": 0.19607843458652497,
                "a": 1.0
            },
            "color2": {
                "r": 0.364705890417099,
                "g": 0.364705890417099,
                "b": 0.364705890417099,
                "a": 1.0
            },
            "color3": {
                "r": 0.7254902124404907,
                "g": 0.7254902124404907,
                "b": 0.7254902124404907,
                "a": 1.0
            }
        },
        {
            "category": 2,
            "partName": "02",
            "partPackage": "Base",
            "color1": {
                "r": 0.5,
                "g": 0.5,
                "b": 0.5,
                "a": 1.0
            },
            "color2": {
                "r": 0.5,
                "g": 0.5,
                "b": 0.5,
                "a": 1.0
            },
            "color3": {
                "r": 0.5,
                "g": 0.5,
                "b": 0.5,
                "a": 1.0
            }
        },
        {
            "category": 3,
            "partName": "07",
            "partPackage": "Base",
            "color1": {
                "r": 0.3014705777168274,
                "g": 0.19285251200199128,
                "b": 0.19285251200199128,
                "a": 1.0
            },
            "color2": {
                "r": 0.3014705777168274,
                "g": 0.19285251200199128,
                "b": 0.19285251200199128,
                "a": 1.0
            },
            "color3": {
                "r": 0.3014705777168274,
                "g": 0.19285251200199128,
                "b": 0.19285251200199128,
                "a": 1.0
            }
        },
        {
            "category": 4,
            "partName": "09",
            "partPackage": "Base",
            "color1": {
                "r": 0.20588237047195435,
                "g": 0.20588237047195435,
                "b": 0.20588237047195435,
                "a": 1.0
            },
            "color2": {
                "r": 0.20588237047195435,
                "g": 0.20588237047195435,
                "b": 0.20588237047195435,
                "a": 1.0
            },
            "color3": {
                "r": 0.20588237047195435,
                "g": 0.20588237047195435,
                "b": 0.20588237047195435,
                "a": 1.0
            }
        },
        {
            "category": 5,
            "partName": "14",
            "partPackage": "Base",
            "color1": {
                "r": 0.3014705777168274,
                "g": 0.19285251200199128,
                "b": 0.19285251200199128,
                "a": 1.0
            },
            "color2": {
                "r": 0.3014705777168274,
                "g": 0.19285251200199128,
                "b": 0.19285251200199128,
                "a": 1.0
            },
            "color3": {
                "r": 0.3014705777168274,
                "g": 0.19285251200199128,
                "b": 0.19285251200199128,
                "a": 1.0
            }
        },
        {
            "category": 6,
            "partName": "",
            "partPackage": "",
            "color1": {
                "r": 0.1475994735956192,
                "g": 0.2867646813392639,
                "b": 0.2530394196510315,
                "a": 1.0
            },
            "color2": {
                "r": 0.08385595679283142,
                "g": 0.24264705181121827,
                "b": 0.12454896420240402,
                "a": 1.0
            },
            "color3": {
                "r": 0.08385595679283142,
                "g": 0.24264705181121827,
                "b": 0.12454896420240402,
                "a": 1.0
            }
        },
        {
            "category": 7,
            "partName": "23",
            "partPackage": "Base",
            "color1": {
                "r": 0.3014705777168274,
                "g": 0.19285251200199128,
                "b": 0.19285251200199128,
                "a": 1.0
            },
            "color2": {
                "r": 0.3014705777168274,
                "g": 0.19285251200199128,
                "b": 0.19285251200199128,
                "a": 1.0
            },
            "color3": {
                "r": 0.3014705777168274,
                "g": 0.19285251200199128,
                "b": 0.19285251200199128,
                "a": 1.0
            }
        },
        {
            "category": 8,
            "partName": "",
            "partPackage": "",
            "color1": {
                "r": 0.31141868233680727,
                "g": 0.3525942265987396,
                "b": 0.3529411852359772,
                "a": 1.0
            },
            "color2": {
                "r": 0.31141868233680727,
                "g": 0.3529411852359772,
                "b": 0.31165000796318056,
                "a": 1.0
            },
            "color3": {
                "r": 0.3297331631183624,
                "g": 0.262154757976532,
                "b": 0.23558731377124787,
                "a": 1.0
            }
        },
        {
            "category": 9,
            "partName": "08",
            "partPackage": "Emote",
            "color1": {
                "r": 0.8897058963775635,
                "g": 0.6055594682693481,
                "b": 0.4513949155807495,
                "a": 1.0
            },
            "color2": {
                "r": 0.8897058963775635,
                "g": 0.6055594682693481,
                "b": 0.4513949155807495,
                "a": 1.0
            },
            "color3": {
                "r": 0.8897058963775635,
                "g": 0.6055594682693481,
                "b": 0.4513949155807495,
                "a": 1.0
            }
        },
        {
            "category": 10,
            "partName": "06",
            "partPackage": "Base",
            "color1": {
                "r": 0.5,
                "g": 0.5,
                "b": 0.5,
                "a": 1.0
            },
            "color2": {
                "r": 0.5,
                "g": 0.5,
                "b": 0.5,
                "a": 1.0
            },
            "color3": {
                "r": 0.5,
                "g": 0.5,
                "b": 0.5,
                "a": 1.0
            }
        },
        {
            "category": 11,
            "partName": "Fantasy Set 03 Male",
            "partPackage": "Fantasy",
            "color1": {
                "r": 0.31141868233680727,
                "g": 0.3529411852359772,
                "b": 0.31165000796318056,
                "a": 1.0
            },
            "color2": {
                "r": 0.2640949487686157,
                "g": 0.19256167113780976,
                "b": 0.14335325360298158,
                "a": 1.0
            },